User_ID,Age,Gender,Platform,Daily_Usage_Time (minutes),Posts_Per_Day,Likes_Received_Per_Day,Comments_Received_Per_Day,Messages_Sent_Per_Day,Dominant_Emotion
1.0,25.0,Female,Instagram,120.0,3.0,45.0,10.0,12.0,Happiness
2.0,30.0,Male,Twitter,90.0,5.0,20.0,25.0,30.0,Anger
3.0,22.0,Non-binary,Facebook,60.0,2.0,15.0,5.0,20.0,Neutral
4.0,28.0,Female,Instagram,200.0,8.0,100.0,30.0,50.0,Anxiety
5.0,33.0,Male,LinkedIn,45.0,1.0,5.0,2.0,10.0,Boredom
6.0,21.0,Male,Instagram,150.0,4.0,60.0,15.0,25.0,Happiness
7.0,27.0,Female,Twitter,85.0,3.0,30.0,10.0,18.0,Anger
8.0,24.0,Non-binary,Facebook,110.0,6.0,25.0,12.0,22.0,Sadness
9.0,29.0,Female,LinkedIn,55.0,2.0,10.0,3.0,8.0,Neutral
10.0,31.0,Male,Instagram,170.0,5.0,80.0,20.0,35.0,Happiness
11.0,23.0,Female,Twitter,75.0,4.0,35.0,7.0,20.0,Anxiety
12.0,26.0,Non-binary,Facebook,95.0,3.0,20.0,10.0,18.0,Sadness
13.0,34.0,Male,LinkedIn,65.0,1.0,12.0,4.0,15.0,Boredom
14.0,22.0,Female,Instagram,180.0,7.0,90.0,25.0,40.0,Happiness
15.0,28.0,Male,Twitter,100.0,6.0,40.0,23.0,28.0,Anger
16.0,21.0,Non-binary,Facebook,40.0,1.0,5.0,2.0,10.0,Neutral
17.0,35.0,Female,Instagram,125.0,4.0,55.0,18.0,30.0,Anxiety
18.0,27.0,Male,Twitter,90.0,3.0,33.0,15.0,25.0,Sadness
19.0,23.0,Non-binary,LinkedIn,50.0,1.0,8.0,3.0,12.0,Neutral
20.0,32.0,Female,Instagram,140.0,5.0,70.0,22.0,33.0,Happiness
21.0,26.0,Male,Facebook,75.0,2.0,25.0,10.0,18.0,Anxiety
22.0,24.0,Female,Twitter,105.0,4.0,28.0,14.0,20.0,Anger
23.0,29.0,Male,LinkedIn,60.0,2.0,11.0,5.0,17.0,Boredom
24.0,33.0,Non-binary,Instagram,190.0,8.0,95.0,26.0,45.0,Happiness
25.0,22.0,Female,Twitter,70.0,3.0,20.0,12.0,15.0,Sadness
26.0,31.0,Male,Facebook,80.0,2.0,18.0,8.0,21.0,Neutral
27.0,27.0,Non-binary,LinkedIn,55.0,1.0,9.0,2.0,11.0,Anxiety
28.0,25.0,Female,Instagram,160.0,6.0,85.0,19.0,32.0,Happiness
29.0,30.0,Male,Twitter,90.0,4.0,38.0,17.0,24.0,Anger
30.0,26.0,Non-binary,Facebook,45.0,1.0,6.0,3.0,10.0,Sadness
31.0,34.0,Female,LinkedIn,65.0,2.0,13.0,4.0,14.0,Boredom
32.0,28.0,Male,Instagram,145.0,5.0,75.0,20.0,35.0,Happiness
33.0,23.0,Non-binary,Twitter,70.0,3.0,27.0,11.0,18.0,Neutral
34.0,21.0,Female,Instagram,130.0,6.0,88.0,15.0,30.0,Sadness
35.0,29.0,Male,Facebook,65.0,2.0,22.0,8.0,20.0,Anxiety
36.0,24.0,Non-binary,LinkedIn,55.0,1.0,10.0,5.0,11.0,Boredom
37.0,33.0,Female,Instagram,170.0,7.0,90.0,25.0,40.0,Happiness
38.0,27.0,Male,Twitter,85.0,4.0,35.0,15.0,20.0,Anger
39.0,22.0,Female,Instagram,115.0,3.0,55.0,12.0,25.0,Neutral
40.0,28.0,Non-binary,Facebook,100.0,2.0,18.0,10.0,22.0,Anxiety
41.0,31.0,Male,LinkedIn,45.0,1.0,6.0,2.0,9.0,Sadness
42.0,25.0,Female,Instagram,150.0,6.0,80.0,18.0,30.0,Happiness
43.0,29.0,Male,Twitter,95.0,4.0,40.0,20.0,22.0,Anger
44.0,23.0,Non-binary,Facebook,105.0,2.0,20.0,8.0,18.0,Neutral
45.0,35.0,Female,LinkedIn,60.0,1.0,12.0,5.0,14.0,Boredom
46.0,30.0,Male,Instagram,175.0,7.0,85.0,23.0,38.0,Happiness
47.0,21.0,Female,Twitter,90.0,3.0,33.0,12.0,20.0,Sadness
48.0,26.0,Non-binary,Facebook,75.0,2.0,28.0,11.0,18.0,Anxiety
49.0,32.0,Male,Instagram,130.0,5.0,70.0,19.0,31.0,Neutral
50.0,28.0,Female,LinkedIn,55.0,1.0,8.0,4.0,10.0,Boredom
51.0,27.0,Male,Instagram,165.0,6.0,78.0,22.0,27.0,Happiness
52.0,24.0,Female,Twitter,75.0,3.0,29.0,15.0,19.0,Anger
53.0,29.0,Non-binary,Facebook,85.0,2.0,25.0,7.0,20.0,Neutral
54.0,33.0,Female,Instagram,145.0,4.0,60.0,18.0,35.0,Sadness
55.0,31.0,Male,LinkedIn,60.0,1.0,10.0,3.0,17.0,Anxiety
56.0,22.0,Female,Whatsapp,70.0,2.0,40.0,8.0,21.0,Anxiety
57.0,25.0,Male,Telegram,90.0,3.0,20.0,10.0,22.0,Boredom
58.0,29.0,Non-binary,Snapchat,50.0,2.0,15.0,5.0,18.0,Sadness
59.0,28.0,Female,Twitter,95.0,4.0,45.0,20.0,25.0,Happiness
60.0,27.0,Male,Facebook,60.0,1.0,10.0,4.0,15.0,Boredom
61.0,30.0,Female,Instagram,175.0,6.0,70.0,23.0,33.0,Happiness
62.0,23.0,Male,Whatsapp,70.0,3.0,20.0,8.0,18.0,Anger
63.0,34.0,Non-binary,Telegram,80.0,2.0,18.0,7.0,20.0,Neutral
64.0,26.0,Female,Snapchat,120.0,4.0,50.0,15.0,30.0,Anxiety
65.0,25.0,Male,Twitter,90.0,6.0,40.0,12.0,26.0,Sadness
66.0,29.0,Non-binary,Facebook,60.0,1.0,8.0,2.0,12.0,Boredom
67.0,28.0,Male,Instagram,165.0,5.0,75.0,18.0,35.0,Happiness
68.0,31.0,Female,Whatsapp,65.0,2.0,25.0,8.0,20.0,Neutral
69.0,27.0,Male,Telegram,105.0,3.0,45.0,15.0,28.0,Anxiety
70.0,22.0,Non-binary,Snapchat,75.0,2.0,18.0,6.0,20.0,Sadness
71.0,24.0,Female,Instagram,140.0,4.0,60.0,18.0,30.0,Happiness
72.0,35.0,Male,Twitter,70.0,1.0,12.0,7.0,10.0,Boredom
73.0,21.0,Non-binary,Facebook,55.0,3.0,15.0,5.0,12.0,Neutral
74.0,29.0,Female,Whatsapp,90.0,2.0,20.0,9.0,22.0,Anger
75.0,25.0,Male,Telegram,80.0,4.0,28.0,11.0,25.0,Neutral
76.0,28.0,Non-binary,Snapchat,115.0,3.0,36.0,12.0,27.0,Anxiety
77.0,32.0,Female,Instagram,155.0,6.0,72.0,20.0,38.0,Happiness
78.0,26.0,Male,Twitter,75.0,2.0,22.0,10.0,18.0,Sadness
79.0,33.0,Non-binary,Facebook,65.0,1.0,12.0,5.0,14.0,Anxiety
80.0,27.0,Female,Whatsapp,90.0,4.0,35.0,14.0,20.0,Neutral
81.0,31.0,Male,Telegram,50.0,2.0,18.0,6.0,12.0,Sadness
82.0,24.0,Non-binary,Snapchat,85.0,3.0,30.0,13.0,18.0,Happiness
83.0,34.0,Female,Instagram,120.0,5.0,55.0,19.0,25.0,Anger
84.0,22.0,Male,Twitter,70.0,1.0,20.0,5.0,22.0,Neutral
85.0,29.0,Non-binary,Facebook,75.0,2.0,18.0,8.0,20.0,Boredom
86.0,28.0,Female,Whatsapp,100.0,4.0,35.0,12.0,26.0,Anxiety
87.0,31.0,Male,Telegram,85.0,3.0,40.0,15.0,28.0,Sadness
88.0,21.0,Non-binary,Snapchat,60.0,1.0,15.0,5.0,12.0,Neutral
89.0,25.0,Female,Instagram,170.0,6.0,78.0,22.0,33.0,Happiness
90.0,30.0,Male,Twitter,70.0,2.0,28.0,10.0,20.0,Anxiety
91.0,27.0,Non-binary,Facebook,50.0,1.0,8.0,2.0,10.0,Boredom
92.0,32.0,Female,Whatsapp,105.0,4.0,50.0,18.0,25.0,Anger
93.0,24.0,Male,Telegram,75.0,3.0,33.0,13.0,22.0,Neutral
94.0,29.0,Female,Snapchat,95.0,2.0,20.0,7.0,28.0,Sadness
95.0,26.0,Male,Instagram,150.0,5.0,65.0,20.0,30.0,Anxiety
96.0,33.0,Non-binary,Twitter,85.0,4.0,30.0,13.0,18.0,Boredom
97.0,22.0,Female,Facebook,70.0,1.0,12.0,5.0,10.0,Neutral
98.0,35.0,Male,Whatsapp,110.0,3.0,45.0,20.0,25.0,Happiness
99.0,28.0,Non-binary,Telegram,60.0,2.0,15.0,6.0,18.0,Anger
100.0,27.0,Female,Snapchat,120.0,4.0,38.0,13.0,22.0,Neutral
101.0,25.0,Female,Instagram,120.0,5.0,50.0,20.0,25.0,Happiness
102.0,30.0,Male,Twitter,90.0,4.0,30.0,20.0,22.0,Anger
103.0,22.0,Non-binary,Facebook,60.0,2.0,20.0,10.0,15.0,Neutral
104.0,28.0,Female,Instagram,200.0,8.0,110.0,40.0,45.0,Anxiety
105.0,33.0,Male,LinkedIn,45.0,1.0,10.0,5.0,12.0,Boredom
106.0,21.0,Male,Instagram,150.0,5.0,65.0,25.0,30.0,Happiness
107.0,27.0,Female,Twitter,85.0,3.0,40.0,18.0,20.0,Anger
108.0,24.0,Non-binary,Facebook,110.0,6.0,35.0,16.0,25.0,Sadness
109.0,29.0,Female,LinkedIn,55.0,2.0,15.0,5.0,10.0,Neutral
110.0,31.0,Male,Instagram,170.0,7.0,90.0,35.0,40.0,Happiness
111.0,23.0,Female,Twitter,75.0,4.0,45.0,20.0,25.0,Anxiety
112.0,26.0,Non-binary,Facebook,95.0,3.0,30.0,14.0,18.0,Sadness
113.0,34.0,Male,LinkedIn,65.0,1.0,14.0,6.0,15.0,Boredom
114.0,22.0,Female,Instagram,180.0,8.0,100.0,38.0,45.0,Happiness
115.0,28.0,Male,Twitter,100.0,6.0,50.0,30.0,29.0,Anger
116.0,21.0,Non-binary,Facebook,40.0,1.0,10.0,4.0,12.0,Neutral
117.0,35.0,Female,Instagram,125.0,5.0,65.0,22.0,28.0,Anxiety
118.0,27.0,Male,Twitter,90.0,3.0,40.0,16.0,24.0,Sadness
119.0,23.0,Non-binary,LinkedIn,50.0,1.0,12.0,6.0,12.0,Neutral
120.0,32.0,Female,Instagram,140.0,6.0,75.0,28.0,30.0,Happiness
121.0,26.0,Male,Facebook,75.0,2.0,30.0,14.0,20.0,Anxiety
122.0,24.0,Female,Twitter,105.0,4.0,35.0,20.0,23.0,Anger
123.0,29.0,Male,LinkedIn,60.0,2.0,17.0,8.0,15.0,Boredom
124.0,33.0,Non-binary,Instagram,190.0,8.0,105.0,36.0,50.0,Happiness
125.0,22.0,Female,Twitter,70.0,3.0,25.0,16.0,15.0,Sadness
126.0,31.0,Male,Facebook,80.0,2.0,20.0,10.0,20.0,Neutral
127.0,27.0,Non-binary,LinkedIn,55.0,1.0,12.0,5.0,11.0,Anxiety
128.0,25.0,Female,Instagram,160.0,6.0,85.0,26.0,30.0,Happiness
129.0,30.0,Male,Twitter,90.0,4.0,43.0,19.0,24.0,Anger
130.0,26.0,Non-binary,Facebook,45.0,1.0,8.0,4.0,12.0,Sadness
131.0,34.0,Female,LinkedIn,65.0,2.0,17.0,5.0,14.0,Boredom
132.0,28.0,Male,Instagram,145.0,7.0,80.0,30.0,35.0,Happiness
133.0,23.0,Non-binary,Twitter,70.0,3.0,30.0,14.0,18.0,Neutral
134.0,21.0,Female,Instagram,130.0,6.0,95.0,22.0,28.0,Sadness
135.0,29.0,Male,Facebook,65.0,2.0,27.0,11.0,22.0,Anxiety
136.0,24.0,Non-binary,LinkedIn,55.0,1.0,11.0,6.0,11.0,Boredom
137.0,33.0,Female,Instagram,170.0,7.0,95.0,30.0,38.0,Happiness
138.0,27.0,Male,Twitter,85.0,4.0,45.0,18.0,24.0,Anger
139.0,22.0,Female,Instagram,115.0,3.0,60.0,17.0,30.0,Neutral
140.0,28.0,Non-binary,Facebook,100.0,2.0,22.0,12.0,25.0,Anxiety
141.0,31.0,Male,LinkedIn,45.0,1.0,9.0,4.0,10.0,Sadness
142.0,25.0,Female,Instagram,150.0,6.0,90.0,26.0,30.0,Happiness
143.0,29.0,Male,Twitter,95.0,4.0,50.0,22.0,22.0,Anger
144.0,23.0,Non-binary,Facebook,105.0,2.0,25.0,12.0,18.0,Neutral
145.0,35.0,Female,LinkedIn,60.0,1.0,15.0,7.0,14.0,Boredom
146.0,30.0,Male,Instagram,175.0,7.0,100.0,33.0,38.0,Happiness
147.0,21.0,Female,Twitter,90.0,3.0,37.0,14.0,20.0,Sadness
148.0,26.0,Non-binary,Facebook,75.0,2.0,30.0,12.0,18.0,Anxiety
149.0,32.0,Male,Instagram,130.0,5.0,80.0,28.0,31.0,Neutral
150.0,28.0,Female,LinkedIn,55.0,1.0,12.0,6.0,10.0,Boredom
151.0,27.0,Male,Instagram,165.0,6.0,85.0,30.0,28.0,Happiness
152.0,24.0,Female,Twitter,75.0,3.0,33.0,18.0,19.0,Anger
153.0,29.0,Non-binary,Facebook,85.0,2.0,27.0,9.0,20.0,Neutral
154.0,33.0,Female,Instagram,145.0,4.0,65.0,23.0,35.0,Sadness
155.0,31.0,Male,LinkedIn,60.0,1.0,15.0,7.0,17.0,Anxiety
156.0,22.0,Female,Whatsapp,70.0,2.0,42.0,10.0,21.0,Anxiety
157.0,25.0,Male,Telegram,90.0,3.0,22.0,11.0,22.0,Boredom
158.0,29.0,Non-binary,Snapchat,50.0,2.0,18.0,7.0,18.0,Sadness
159.0,28.0,Female,Twitter,95.0,4.0,48.0,22.0,25.0,Happiness
160.0,27.0,Male,Facebook,60.0,1.0,12.0,5.0,15.0,Boredom
161.0,30.0,Female,Instagram,175.0,6.0,72.0,30.0,33.0,Happiness
162.0,23.0,Male,Whatsapp,70.0,3.0,22.0,10.0,18.0,Anger
163.0,34.0,Non-binary,Telegram,80.0,2.0,21.0,8.0,20.0,Neutral
164.0,26.0,Female,Snapchat,120.0,4.0,55.0,18.0,30.0,Anxiety
165.0,25.0,Male,Twitter,90.0,6.0,42.0,14.0,26.0,Sadness
166.0,29.0,Non-binary,Facebook,60.0,1.0,12.0,4.0,12.0,Boredom
167.0,28.0,Male,Instagram,165.0,5.0,78.0,23.0,35.0,Happiness
168.0,31.0,Female,Whatsapp,65.0,2.0,27.0,10.0,20.0,Neutral
169.0,27.0,Male,Telegram,105.0,3.0,48.0,20.0,28.0,Anxiety
170.0,22.0,Non-binary,Snapchat,75.0,2.0,21.0,8.0,20.0,Sadness
171.0,24.0,Female,Instagram,140.0,4.0,65.0,22.0,30.0,Happiness
172.0,35.0,Male,Twitter,70.0,1.0,13.0,8.0,10.0,Boredom
173.0,21.0,Non-binary,Facebook,55.0,3.0,17.0,7.0,12.0,Neutral
174.0,29.0,Female,Whatsapp,90.0,2.0,24.0,12.0,22.0,Anger
175.0,25.0,Male,Telegram,80.0,4.0,30.0,13.0,25.0,Neutral
176.0,28.0,Non-binary,Snapchat,115.0,3.0,38.0,18.0,27.0,Anxiety
177.0,32.0,Female,Instagram,155.0,6.0,75.0,25.0,38.0,Happiness
178.0,26.0,Male,Twitter,75.0,2.0,23.0,12.0,18.0,Sadness
179.0,33.0,Non-binary,Facebook,65.0,1.0,13.0,7.0,14.0,Anxiety
180.0,27.0,Female,Whatsapp,90.0,4.0,37.0,18.0,20.0,Neutral
181.0,31.0,Male,Telegram,50.0,2.0,20.0,10.0,12.0,Sadness
182.0,24.0,Non-binary,Snapchat,85.0,3.0,33.0,20.0,18.0,Happiness
183.0,34.0,Female,Instagram,120.0,5.0,60.0,25.0,25.0,Anger
184.0,22.0,Male,Twitter,70.0,1.0,22.0,7.0,22.0,Neutral
185.0,29.0,Non-binary,Facebook,75.0,2.0,20.0,8.0,20.0,Boredom
186.0,28.0,Female,Whatsapp,100.0,4.0,37.0,14.0,26.0,Anxiety
187.0,31.0,Male,Telegram,85.0,3.0,45.0,20.0,28.0,Sadness
188.0,21.0,Non-binary,Snapchat,60.0,1.0,18.0,7.0,12.0,Neutral
189.0,25.0,Female,Instagram,170.0,6.0,83.0,30.0,33.0,Happiness
190.0,30.0,Male,Twitter,70.0,2.0,30.0,12.0,20.0,Anxiety
191.0,27.0,Non-binary,Facebook,50.0,1.0,10.0,4.0,10.0,Boredom
192.0,32.0,Female,Whatsapp,105.0,4.0,55.0,25.0,25.0,Anger
193.0,24.0,Male,Telegram,75.0,3.0,37.0,16.0,22.0,Neutral
194.0,29.0,Female,Snapchat,95.0,2.0,23.0,10.0,28.0,Sadness
195.0,26.0,Male,Instagram,150.0,5.0,70.0,25.0,30.0,Anxiety
196.0,33.0,Non-binary,Twitter,85.0,4.0,35.0,18.0,18.0,Boredom
197.0,22.0,Female,Facebook,70.0,1.0,14.0,6.0,10.0,Neutral
198.0,35.0,Male,Whatsapp,110.0,3.0,50.0,25.0,25.0,Happiness
199.0,28.0,Non-binary,Telegram,60.0,2.0,18.0,8.0,18.0,Anger
200.0,27.0,Female,Snapchat,120.0,4.0,40.0,18.0,22.0,Neutral
201.0,25.0,Female,Instagram,120.0,5.0,50.0,20.0,25.0,Happiness
202.0,30.0,Male,Twitter,90.0,4.0,30.0,20.0,22.0,Anger
203.0,22.0,Non-binary,Facebook,60.0,2.0,20.0,10.0,15.0,Neutral
204.0,28.0,Female,Instagram,200.0,8.0,110.0,40.0,45.0,Anxiety
205.0,33.0,Male,LinkedIn,45.0,1.0,10.0,5.0,12.0,Boredom
206.0,21.0,Male,Instagram,150.0,5.0,65.0,25.0,30.0,Happiness
207.0,27.0,Female,Twitter,85.0,3.0,40.0,18.0,20.0,Anger
208.0,24.0,Non-binary,Facebook,110.0,6.0,35.0,16.0,25.0,Sadness
209.0,29.0,Female,LinkedIn,55.0,2.0,15.0,5.0,10.0,Neutral
210.0,31.0,Male,Instagram,170.0,7.0,90.0,35.0,40.0,Happiness
211.0,23.0,Female,Twitter,75.0,4.0,45.0,20.0,25.0,Anxiety
212.0,26.0,Non-binary,Facebook,95.0,3.0,30.0,14.0,18.0,Sadness
213.0,34.0,Male,LinkedIn,65.0,1.0,14.0,6.0,15.0,Boredom
214.0,22.0,Female,Instagram,180.0,8.0,100.0,38.0,45.0,Happiness
215.0,28.0,Male,Twitter,100.0,6.0,50.0,30.0,29.0,Anger
216.0,21.0,Non-binary,Facebook,40.0,1.0,10.0,4.0,12.0,Neutral
217.0,35.0,Female,Instagram,125.0,5.0,65.0,22.0,28.0,Anxiety
218.0,27.0,Male,Twitter,90.0,3.0,40.0,16.0,24.0,Sadness
219.0,23.0,Non-binary,LinkedIn,50.0,1.0,12.0,6.0,12.0,Neutral
220.0,32.0,Female,Instagram,140.0,6.0,75.0,28.0,30.0,Happiness
221.0,26.0,Male,Facebook,75.0,2.0,30.0,14.0,20.0,Anxiety
222.0,24.0,Female,Twitter,105.0,4.0,35.0,20.0,23.0,Anger
223.0,29.0,Male,LinkedIn,60.0,2.0,17.0,8.0,15.0,Boredom
224.0,33.0,Non-binary,Instagram,190.0,8.0,105.0,36.0,50.0,Happiness
225.0,22.0,Female,Twitter,70.0,3.0,25.0,16.0,15.0,Sadness
226.0,31.0,Male,Facebook,80.0,2.0,20.0,10.0,20.0,Neutral
227.0,27.0,Non-binary,LinkedIn,55.0,1.0,12.0,5.0,11.0,Anxiety
228.0,25.0,Female,Instagram,160.0,6.0,85.0,26.0,30.0,Happiness
229.0,30.0,Male,Twitter,90.0,4.0,43.0,19.0,24.0,Anger
230.0,26.0,Non-binary,Facebook,45.0,1.0,8.0,4.0,12.0,Sadness
231.0,34.0,Female,LinkedIn,65.0,2.0,17.0,5.0,14.0,Boredom
232.0,28.0,Male,Instagram,145.0,7.0,80.0,30.0,35.0,Happiness
233.0,23.0,Non-binary,Twitter,70.0,3.0,30.0,14.0,18.0,Neutral
234.0,21.0,Female,Instagram,130.0,6.0,95.0,22.0,28.0,Sadness
235.0,29.0,Male,Facebook,65.0,2.0,27.0,11.0,22.0,Anxiety
236.0,24.0,Non-binary,LinkedIn,55.0,1.0,11.0,6.0,11.0,Boredom
237.0,33.0,Female,Instagram,170.0,7.0,95.0,30.0,38.0,Happiness
238.0,27.0,Male,Twitter,85.0,4.0,45.0,18.0,24.0,Anger
239.0,22.0,Female,Instagram,115.0,3.0,60.0,17.0,30.0,Neutral
240.0,28.0,Non-binary,Facebook,100.0,2.0,22.0,12.0,25.0,Anxiety
241.0,31.0,Male,LinkedIn,45.0,1.0,9.0,4.0,10.0,Sadness
242.0,25.0,Female,Instagram,150.0,6.0,90.0,26.0,30.0,Happiness
243.0,29.0,Male,Twitter,95.0,4.0,50.0,22.0,22.0,Anger
244.0,23.0,Non-binary,Facebook,105.0,2.0,25.0,12.0,18.0,Neutral
245.0,35.0,Female,LinkedIn,60.0,1.0,15.0,7.0,14.0,Boredom
246.0,30.0,Male,Instagram,175.0,7.0,100.0,33.0,38.0,Happiness
247.0,21.0,Female,Twitter,90.0,3.0,37.0,14.0,20.0,Sadness
248.0,26.0,Non-binary,Facebook,75.0,2.0,30.0,12.0,18.0,Anxiety
249.0,32.0,Male,Instagram,130.0,5.0,80.0,28.0,31.0,Neutral
250.0,28.0,Female,LinkedIn,55.0,1.0,12.0,6.0,10.0,Boredom
289.0,25.0,Female,Instagram,170.0,6.0,83.0,30.0,33.0,Happiness
290.0,30.0,Male,Twitter,70.0,2.0,30.0,12.0,20.0,Anxiety
291.0,27.0,Non-binary,Facebook,50.0,1.0,10.0,4.0,10.0,Boredom
292.0,32.0,Female,Whatsapp,105.0,4.0,55.0,25.0,25.0,Anger
293.0,24.0,Male,Telegram,75.0,3.0,37.0,16.0,22.0,Neutral
294.0,29.0,Female,Snapchat,95.0,2.0,23.0,10.0,28.0,Sadness
295.0,26.0,Male,Instagram,150.0,5.0,70.0,25.0,30.0,Anxiety
296.0,33.0,Non-binary,Twitter,85.0,4.0,35.0,18.0,18.0,Boredom
297.0,22.0,Female,Facebook,70.0,1.0,14.0,6.0,10.0,Neutral
298.0,35.0,Male,Whatsapp,110.0,3.0,50.0,25.0,25.0,Happiness
299.0,28.0,Non-binary,Telegram,60.0,2.0,18.0,8.0,18.0,Anger
300.0,27.0,Female,Snapchat,120.0,4.0,40.0,18.0,22.0,Neutral
301.0,25.0,Female,Instagram,120.0,5.0,50.0,20.0,25.0,Happiness
302.0,30.0,Male,Twitter,90.0,4.0,30.0,20.0,22.0,Anger
303.0,22.0,Non-binary,Facebook,60.0,2.0,20.0,10.0,15.0,Neutral
304.0,28.0,Female,Instagram,200.0,8.0,110.0,40.0,45.0,Anxiety
305.0,33.0,Male,LinkedIn,45.0,1.0,10.0,5.0,12.0,Boredom
306.0,21.0,Male,Instagram,150.0,5.0,65.0,25.0,30.0,Happiness
307.0,27.0,Female,Twitter,85.0,3.0,40.0,18.0,20.0,Anger
308.0,24.0,Non-binary,Facebook,110.0,6.0,35.0,16.0,25.0,Sadness
309.0,29.0,Female,LinkedIn,55.0,2.0,15.0,5.0,10.0,Neutral
310.0,31.0,Male,Instagram,170.0,7.0,90.0,35.0,40.0,Happiness
311.0,23.0,Female,Twitter,75.0,4.0,45.0,20.0,25.0,Anxiety
312.0,26.0,Non-binary,Facebook,95.0,3.0,30.0,14.0,18.0,Sadness
313.0,34.0,Male,LinkedIn,65.0,1.0,14.0,6.0,15.0,Boredom
314.0,22.0,Female,Instagram,180.0,8.0,100.0,38.0,45.0,Happiness
315.0,28.0,Male,Twitter,100.0,6.0,50.0,30.0,29.0,Anger
316.0,21.0,Non-binary,Facebook,40.0,1.0,10.0,4.0,12.0,Neutral
317.0,35.0,Female,Instagram,125.0,5.0,65.0,22.0,28.0,Anxiety
318.0,27.0,Male,Twitter,90.0,3.0,40.0,16.0,24.0,Sadness
319.0,23.0,Non-binary,LinkedIn,50.0,1.0,12.0,6.0,12.0,Neutral
320.0,32.0,Female,Instagram,140.0,6.0,75.0,28.0,30.0,Happiness
321.0,26.0,Male,Facebook,75.0,2.0,30.0,14.0,20.0,Anxiety
322.0,24.0,Female,Twitter,105.0,4.0,35.0,20.0,23.0,Anger
323.0,29.0,Male,LinkedIn,60.0,2.0,17.0,8.0,15.0,Boredom
324.0,33.0,Non-binary,Instagram,190.0,8.0,105.0,36.0,50.0,Happiness
325.0,22.0,Female,Twitter,70.0,3.0,25.0,16.0,15.0,Sadness
326.0,31.0,Male,Facebook,80.0,2.0,20.0,10.0,20.0,Neutral
327.0,27.0,Non-binary,LinkedIn,55.0,1.0,12.0,5.0,11.0,Anxiety
328.0,25.0,Female,Instagram,160.0,6.0,85.0,26.0,30.0,Happiness
329.0,30.0,Male,Twitter,90.0,4.0,43.0,19.0,24.0,Anger
330.0,26.0,Non-binary,Facebook,45.0,1.0,8.0,4.0,12.0,Sadness
331.0,34.0,Female,LinkedIn,65.0,2.0,17.0,5.0,14.0,Boredom
332.0,28.0,Male,Instagram,145.0,7.0,80.0,30.0,35.0,Happiness
333.0,23.0,Non-binary,Twitter,70.0,3.0,30.0,14.0,18.0,Neutral
334.0,21.0,Female,Instagram,130.0,6.0,95.0,22.0,28.0,Sadness
335.0,29.0,Male,Facebook,65.0,2.0,27.0,11.0,22.0,Anxiety
336.0,24.0,Non-binary,LinkedIn,55.0,1.0,11.0,6.0,11.0,Boredom
337.0,33.0,Female,Instagram,170.0,7.0,95.0,30.0,38.0,Happiness
338.0,27.0,Male,Twitter,85.0,4.0,45.0,18.0,24.0,Anger
339.0,22.0,Female,Instagram,115.0,3.0,60.0,17.0,30.0,Neutral
340.0,28.0,Non-binary,Facebook,100.0,2.0,22.0,12.0,25.0,Anxiety
341.0,31.0,Male,LinkedIn,45.0,1.0,9.0,4.0,10.0,Sadness
342.0,25.0,Female,Instagram,150.0,6.0,90.0,26.0,30.0,Happiness
343.0,29.0,Male,Twitter,95.0,4.0,50.0,22.0,22.0,Anger
344.0,23.0,Non-binary,Facebook,105.0,2.0,25.0,12.0,18.0,Neutral
345.0,35.0,Female,LinkedIn,60.0,1.0,15.0,7.0,14.0,Boredom
346.0,30.0,Male,Instagram,175.0,7.0,100.0,33.0,38.0,Happiness
347.0,21.0,Female,Twitter,90.0,3.0,37.0,14.0,20.0,Sadness
348.0,26.0,Non-binary,Facebook,75.0,2.0,30.0,12.0,18.0,Anxiety
349.0,32.0,Male,Instagram,130.0,5.0,80.0,28.0,31.0,Neutral
350.0,28.0,Female,LinkedIn,55.0,1.0,12.0,6.0,10.0,Boredom
351.0,27.0,Male,Instagram,165.0,6.0,85.0,30.0,28.0,Happiness
352.0,24.0,Female,Twitter,75.0,3.0,33.0,18.0,19.0,Anger
353.0,29.0,Non-binary,Facebook,85.0,2.0,27.0,9.0,20.0,Neutral
354.0,33.0,Female,Instagram,145.0,4.0,65.0,23.0,35.0,Sadness
355.0,31.0,Male,LinkedIn,60.0,1.0,15.0,7.0,17.0,Anxiety
356.0,22.0,Female,Whatsapp,70.0,2.0,42.0,10.0,21.0,Anxiety
357.0,25.0,Male,Telegram,90.0,3.0,22.0,11.0,22.0,Boredom
358.0,29.0,Non-binary,Snapchat,50.0,2.0,18.0,7.0,18.0,Sadness
359.0,28.0,Female,Twitter,95.0,4.0,48.0,22.0,25.0,Happiness
360.0,27.0,Male,Facebook,60.0,1.0,12.0,5.0,15.0,Boredom
361.0,30.0,Female,Instagram,175.0,6.0,72.0,30.0,33.0,Happiness
362.0,23.0,Male,Whatsapp,70.0,3.0,22.0,10.0,18.0,Anger
363.0,34.0,Non-binary,Telegram,80.0,2.0,21.0,8.0,20.0,Neutral
364.0,26.0,Female,Snapchat,120.0,4.0,55.0,18.0,30.0,Anxiety
365.0,25.0,Male,Twitter,90.0,6.0,42.0,14.0,26.0,Sadness
366.0,29.0,Non-binary,Facebook,60.0,1.0,12.0,4.0,12.0,Boredom
367.0,28.0,Male,Instagram,165.0,5.0,78.0,23.0,35.0,Happiness
368.0,31.0,Female,Whatsapp,65.0,2.0,27.0,10.0,20.0,Neutral
369.0,27.0,Male,Telegram,105.0,3.0,48.0,20.0,28.0,Anxiety
370.0,22.0,Non-binary,Snapchat,75.0,2.0,21.0,8.0,20.0,Sadness
371.0,24.0,Female,Instagram,140.0,4.0,65.0,22.0,30.0,Happiness
372.0,35.0,Male,Twitter,70.0,1.0,13.0,8.0,10.0,Boredom
373.0,21.0,Non-binary,Facebook,55.0,3.0,17.0,7.0,12.0,Neutral
374.0,29.0,Female,Whatsapp,90.0,2.0,24.0,12.0,22.0,Anger
375.0,25.0,Male,Telegram,80.0,4.0,30.0,13.0,25.0,Neutral
376.0,28.0,Non-binary,Snapchat,115.0,3.0,38.0,18.0,27.0,Anxiety
377.0,32.0,Female,Instagram,155.0,6.0,75.0,25.0,38.0,Happiness
378.0,26.0,Male,Twitter,75.0,2.0,23.0,12.0,18.0,Sadness
379.0,33.0,Non-binary,Facebook,65.0,1.0,13.0,7.0,14.0,Anxiety
380.0,27.0,Female,Whatsapp,90.0,4.0,37.0,18.0,20.0,Neutral
381.0,31.0,Male,Telegram,50.0,2.0,20.0,10.0,12.0,Sadness
382.0,24.0,Non-binary,Snapchat,85.0,3.0,33.0,20.0,18.0,Happiness
383.0,34.0,Female,Instagram,120.0,5.0,60.0,25.0,25.0,Anger
384.0,22.0,Male,Twitter,70.0,1.0,22.0,7.0,22.0,Neutral
385.0,29.0,Non-binary,Facebook,75.0,2.0,20.0,8.0,20.0,Boredom
386.0,28.0,Female,Whatsapp,100.0,4.0,37.0,14.0,26.0,Anxiety
387.0,31.0,Male,Telegram,85.0,3.0,45.0,20.0,28.0,Sadness
388.0,21.0,Non-binary,Snapchat,60.0,1.0,18.0,7.0,12.0,Neutral
389.0,25.0,Female,Instagram,170.0,6.0,83.0,30.0,33.0,Happiness
390.0,30.0,Male,Twitter,70.0,2.0,30.0,12.0,20.0,Anxiety
391.0,27.0,Non-binary,Facebook,50.0,1.0,10.0,4.0,10.0,Boredom
392.0,32.0,Female,Whatsapp,105.0,4.0,55.0,25.0,25.0,Anger
393.0,24.0,Male,Telegram,75.0,3.0,37.0,16.0,22.0,Neutral
394.0,29.0,Female,Snapchat,95.0,2.0,23.0,10.0,28.0,Sadness
395.0,26.0,Male,Instagram,150.0,5.0,70.0,25.0,30.0,Anxiety
396.0,33.0,Non-binary,Twitter,85.0,4.0,35.0,18.0,18.0,Boredom
397.0,22.0,Female,Facebook,70.0,1.0,14.0,6.0,10.0,Neutral
398.0,35.0,Male,Whatsapp,110.0,3.0,50.0,25.0,25.0,Happiness
399.0,28.0,Non-binary,Telegram,60.0,2.0,18.0,8.0,18.0,Anger
400.0,27.0,Female,Snapchat,120.0,4.0,40.0,18.0,22.0,Neutral
401.0,25.0,Female,Instagram,120.0,5.0,50.0,20.0,25.0,Happiness
402.0,30.0,Male,Twitter,90.0,4.0,30.0,20.0,22.0,Anger
403.0,22.0,Non-binary,Facebook,60.0,2.0,20.0,10.0,15.0,Neutral
404.0,28.0,Female,Instagram,200.0,8.0,110.0,40.0,45.0,Anxiety
405.0,33.0,Male,LinkedIn,45.0,1.0,10.0,5.0,12.0,Boredom
406.0,21.0,Male,Instagram,150.0,5.0,65.0,25.0,30.0,Happiness
407.0,27.0,Female,Twitter,85.0,3.0,40.0,18.0,20.0,Anger
408.0,24.0,Non-binary,Facebook,110.0,6.0,35.0,16.0,25.0,Sadness
409.0,29.0,Female,LinkedIn,55.0,2.0,15.0,5.0,10.0,Neutral
410.0,31.0,Male,Instagram,170.0,7.0,90.0,35.0,40.0,Happiness
411.0,23.0,Female,Twitter,75.0,4.0,45.0,20.0,25.0,Anxiety
412.0,26.0,Non-binary,Facebook,95.0,3.0,30.0,14.0,18.0,Sadness
413.0,34.0,Male,LinkedIn,65.0,1.0,14.0,6.0,15.0,Boredom
414.0,22.0,Female,Instagram,180.0,8.0,100.0,38.0,45.0,Happiness
415.0,28.0,Male,Twitter,100.0,6.0,50.0,30.0,29.0,Anger
416.0,21.0,Non-binary,Facebook,40.0,1.0,10.0,4.0,12.0,Neutral
417.0,35.0,Female,Instagram,125.0,5.0,65.0,22.0,28.0,Anxiety
418.0,27.0,Male,Twitter,90.0,3.0,40.0,16.0,24.0,Sadness
419.0,23.0,Non-binary,LinkedIn,50.0,1.0,12.0,6.0,12.0,Neutral
420.0,32.0,Female,Instagram,140.0,6.0,75.0,28.0,30.0,Happiness
421.0,26.0,Male,Facebook,75.0,2.0,30.0,14.0,20.0,Anxiety
422.0,24.0,Female,Twitter,105.0,4.0,35.0,20.0,23.0,Anger
423.0,29.0,Male,LinkedIn,60.0,2.0,17.0,8.0,15.0,Boredom
424.0,33.0,Non-binary,Instagram,190.0,8.0,105.0,36.0,50.0,Happiness
425.0,22.0,Female,Twitter,70.0,3.0,25.0,16.0,15.0,Sadness
426.0,31.0,Male,Facebook,80.0,2.0,20.0,10.0,20.0,Neutral
427.0,27.0,Non-binary,LinkedIn,55.0,1.0,12.0,5.0,11.0,Anxiety
428.0,25.0,Female,Instagram,160.0,6.0,85.0,26.0,30.0,Happiness
429.0,30.0,Male,Twitter,90.0,4.0,43.0,19.0,24.0,Anger
430.0,26.0,Non-binary,Facebook,45.0,1.0,8.0,4.0,12.0,Sadness
431.0,34.0,Female,LinkedIn,65.0,2.0,17.0,5.0,14.0,Boredom
432.0,28.0,Male,Instagram,145.0,7.0,80.0,30.0,35.0,Happiness
433.0,23.0,Non-binary,Twitter,70.0,3.0,30.0,14.0,18.0,Neutral
434.0,21.0,Female,Instagram,130.0,6.0,95.0,22.0,28.0,Sadness
435.0,29.0,Male,Facebook,65.0,2.0,27.0,11.0,22.0,Anxiety
436.0,24.0,Non-binary,LinkedIn,55.0,1.0,11.0,6.0,11.0,Boredom
437.0,33.0,Female,Instagram,170.0,7.0,95.0,30.0,38.0,Happiness
438.0,27.0,Male,Twitter,85.0,4.0,45.0,18.0,24.0,Anger
439.0,22.0,Female,Instagram,115.0,3.0,60.0,17.0,30.0,Neutral
440.0,28.0,Non-binary,Facebook,100.0,2.0,22.0,12.0,25.0,Anxiety
441.0,31.0,Male,LinkedIn,45.0,1.0,9.0,4.0,10.0,Sadness
442.0,25.0,Female,Instagram,150.0,6.0,90.0,26.0,30.0,Happiness
443.0,29.0,Male,Twitter,95.0,4.0,50.0,22.0,22.0,Anger
444.0,23.0,Non-binary,Facebook,105.0,2.0,25.0,12.0,18.0,Neutral
445.0,35.0,Female,LinkedIn,60.0,1.0,15.0,7.0,14.0,Boredom
446.0,30.0,Male,Instagram,175.0,7.0,100.0,33.0,38.0,Happiness
447.0,21.0,Female,Twitter,90.0,3.0,37.0,14.0,20.0,Sadness
448.0,26.0,Non-binary,Facebook,75.0,2.0,30.0,12.0,18.0,Anxiety
449.0,32.0,Male,Instagram,130.0,5.0,80.0,28.0,31.0,Neutral
450.0,28.0,Female,LinkedIn,55.0,1.0,12.0,6.0,10.0,Boredom
451.0,27.0,Male,Instagram,165.0,6.0,85.0,30.0,28.0,Happiness
452.0,24.0,Female,Twitter,75.0,3.0,33.0,18.0,19.0,Anger
453.0,29.0,Non-binary,Facebook,85.0,2.0,27.0,9.0,20.0,Neutral
454.0,33.0,Female,Instagram,145.0,4.0,65.0,23.0,35.0,Sadness
455.0,31.0,Male,LinkedIn,60.0,1.0,15.0,7.0,17.0,Anxiety
456.0,22.0,Female,Whatsapp,70.0,2.0,42.0,10.0,21.0,Anxiety
457.0,25.0,Male,Telegram,90.0,3.0,22.0,11.0,22.0,Boredom
458.0,29.0,Non-binary,Snapchat,50.0,2.0,18.0,7.0,18.0,Sadness
459.0,28.0,Female,Twitter,95.0,4.0,48.0,22.0,25.0,Happiness
460.0,27.0,Male,Facebook,60.0,1.0,12.0,5.0,15.0,Boredom
461.0,30.0,Female,Instagram,175.0,6.0,72.0,30.0,33.0,Happiness
462.0,23.0,Male,Whatsapp,70.0,3.0,22.0,10.0,18.0,Anger
463.0,34.0,Non-binary,Telegram,80.0,2.0,21.0,8.0,20.0,Neutral
464.0,26.0,Female,Snapchat,120.0,4.0,55.0,18.0,30.0,Anxiety
465.0,25.0,Male,Twitter,90.0,6.0,42.0,14.0,26.0,Sadness
466.0,29.0,Non-binary,Facebook,60.0,1.0,12.0,4.0,12.0,Boredom
467.0,28.0,Male,Instagram,165.0,5.0,78.0,23.0,35.0,Happiness
468.0,31.0,Female,Whatsapp,65.0,2.0,27.0,10.0,20.0,Neutral
469.0,27.0,Male,Telegram,105.0,3.0,48.0,20.0,28.0,Anxiety
470.0,22.0,Non-binary,Snapchat,75.0,2.0,21.0,8.0,20.0,Sadness
471.0,24.0,Female,Instagram,140.0,4.0,65.0,22.0,30.0,Happiness
472.0,35.0,Male,Twitter,70.0,1.0,13.0,8.0,10.0,Boredom
473.0,21.0,Non-binary,Facebook,55.0,3.0,17.0,7.0,12.0,Neutral
474.0,29.0,Female,Whatsapp,90.0,2.0,24.0,12.0,22.0,Anger
475.0,25.0,Male,Telegram,80.0,4.0,30.0,13.0,25.0,Neutral
476.0,28.0,Non-binary,Snapchat,115.0,3.0,38.0,18.0,27.0,Anxiety
477.0,32.0,Female,Instagram,155.0,6.0,75.0,25.0,38.0,Happiness
478.0,26.0,Male,Twitter,75.0,2.0,23.0,12.0,18.0,Sadness
479.0,33.0,Non-binary,Facebook,65.0,1.0,13.0,7.0,14.0,Anxiety
480.0,27.0,Female,Whatsapp,90.0,4.0,37.0,18.0,20.0,Neutral
481.0,31.0,Male,Telegram,50.0,2.0,20.0,10.0,12.0,Sadness
482.0,24.0,Non-binary,Snapchat,85.0,3.0,33.0,20.0,18.0,Happiness
483.0,34.0,Female,Instagram,120.0,5.0,60.0,25.0,25.0,Anger
484.0,22.0,Male,Twitter,70.0,1.0,22.0,7.0,22.0,Neutral
485.0,29.0,Non-binary,Facebook,75.0,2.0,20.0,8.0,20.0,Boredom
486.0,28.0,Female,Whatsapp,100.0,4.0,37.0,14.0,26.0,Anxiety
487.0,31.0,Male,Telegram,85.0,3.0,45.0,20.0,28.0,Sadness
488.0,21.0,Non-binary,Snapchat,60.0,1.0,18.0,7.0,12.0,Neutral
489.0,25.0,Female,Instagram,170.0,6.0,83.0,30.0,33.0,Happiness
490.0,30.0,Male,Twitter,70.0,2.0,30.0,12.0,20.0,Anxiety
491.0,27.0,Non-binary,Facebook,50.0,1.0,10.0,4.0,10.0,Boredom
492.0,32.0,Female,Whatsapp,105.0,4.0,55.0,25.0,25.0,Anger
493.0,24.0,Male,Telegram,75.0,3.0,37.0,16.0,22.0,Neutral
494.0,29.0,Female,Snapchat,95.0,2.0,23.0,10.0,28.0,Sadness
495.0,26.0,Male,Instagram,150.0,5.0,70.0,25.0,30.0,Anxiety
496.0,33.0,Non-binary,Twitter,85.0,4.0,35.0,18.0,18.0,Boredom
497.0,22.0,Female,Facebook,70.0,1.0,14.0,6.0,10.0,Neutral
498.0,35.0,Male,Whatsapp,110.0,3.0,50.0,25.0,25.0,Happiness
499.0,28.0,Non-binary,Telegram,60.0,2.0,18.0,8.0,18.0,Anger
500.0,27.0,Female,Snapchat,120.0,4.0,40.0,18.0,22.0,Neutral
501.0,25.0,Female,Instagram,120.0,5.0,50.0,20.0,25.0,Happiness
502.0,30.0,Male,Twitter,90.0,4.0,30.0,20.0,22.0,Anger
503.0,22.0,Non-binary,Facebook,60.0,2.0,20.0,10.0,15.0,Neutral
504.0,28.0,Female,Instagram,200.0,8.0,110.0,40.0,45.0,Anxiety
505.0,33.0,Male,LinkedIn,45.0,1.0,10.0,5.0,12.0,Boredom
506.0,21.0,Male,Instagram,150.0,5.0,65.0,25.0,30.0,Happiness
507.0,27.0,Female,Twitter,85.0,3.0,40.0,18.0,20.0,Anger
508.0,24.0,Non-binary,Facebook,110.0,6.0,35.0,16.0,25.0,Sadness
509.0,29.0,Female,LinkedIn,55.0,2.0,15.0,5.0,10.0,Neutral
510.0,31.0,Male,Instagram,170.0,7.0,90.0,35.0,40.0,Happiness
511.0,23.0,Female,Twitter,75.0,4.0,45.0,20.0,25.0,Anxiety
512.0,26.0,Non-binary,Facebook,95.0,3.0,30.0,14.0,18.0,Sadness
513.0,34.0,Male,LinkedIn,65.0,1.0,14.0,6.0,15.0,Boredom
514.0,22.0,Female,Instagram,180.0,8.0,100.0,38.0,45.0,Happiness
515.0,28.0,Male,Twitter,100.0,6.0,50.0,30.0,29.0,Anger
516.0,21.0,Non-binary,Facebook,40.0,1.0,10.0,4.0,12.0,Neutral
517.0,35.0,Female,Instagram,125.0,5.0,65.0,22.0,28.0,Anxiety
518.0,27.0,Male,Twitter,90.0,3.0,40.0,16.0,24.0,Sadness
519.0,23.0,Non-binary,LinkedIn,50.0,1.0,12.0,6.0,12.0,Neutral
520.0,32.0,Female,Instagram,140.0,6.0,75.0,28.0,30.0,Happiness
521.0,26.0,Male,Facebook,75.0,2.0,30.0,14.0,20.0,Anxiety
522.0,24.0,Female,Twitter,105.0,4.0,35.0,20.0,23.0,Anger
523.0,29.0,Male,LinkedIn,60.0,2.0,17.0,8.0,15.0,Boredom
524.0,33.0,Non-binary,Instagram,190.0,8.0,105.0,36.0,50.0,Happiness
525.0,22.0,Female,Twitter,70.0,3.0,25.0,16.0,15.0,Sadness
526.0,31.0,Male,Facebook,80.0,2.0,20.0,10.0,20.0,Neutral
527.0,27.0,Non-binary,LinkedIn,55.0,1.0,12.0,5.0,11.0,Anxiety
528.0,25.0,Female,Instagram,160.0,6.0,85.0,26.0,30.0,Happiness
529.0,30.0,Male,Twitter,90.0,4.0,43.0,19.0,24.0,Anger
530.0,26.0,Non-binary,Facebook,45.0,1.0,8.0,4.0,12.0,Sadness
531.0,34.0,Female,LinkedIn,65.0,2.0,17.0,5.0,14.0,Boredom
532.0,28.0,Male,Instagram,145.0,7.0,80.0,30.0,35.0,Happiness
533.0,23.0,Non-binary,Twitter,70.0,3.0,30.0,14.0,18.0,Neutral
534.0,21.0,Female,Instagram,130.0,6.0,95.0,22.0,28.0,Sadness
535.0,29.0,Male,Facebook,65.0,2.0,27.0,11.0,22.0,Anxiety
536.0,24.0,Non-binary,LinkedIn,55.0,1.0,11.0,6.0,11.0,Boredom
537.0,33.0,Female,Instagram,170.0,7.0,95.0,30.0,38.0,Happiness
538.0,27.0,Male,Twitter,85.0,4.0,45.0,18.0,24.0,Anger
539.0,22.0,Female,Instagram,115.0,3.0,60.0,17.0,30.0,Neutral
540.0,28.0,Non-binary,Facebook,100.0,2.0,22.0,12.0,25.0,Anxiety
541.0,31.0,Male,LinkedIn,45.0,1.0,9.0,4.0,10.0,Sadness
542.0,25.0,Female,Instagram,150.0,6.0,90.0,26.0,30.0,Happiness
543.0,29.0,Male,Twitter,95.0,4.0,50.0,22.0,22.0,Anger
544.0,23.0,Non-binary,Facebook,105.0,2.0,25.0,12.0,18.0,Neutral
545.0,35.0,Female,LinkedIn,60.0,1.0,15.0,7.0,14.0,Boredom
546.0,30.0,Male,Instagram,175.0,7.0,100.0,33.0,38.0,Happiness
547.0,21.0,Female,Twitter,90.0,3.0,37.0,14.0,20.0,Sadness
548.0,26.0,Non-binary,Facebook,75.0,2.0,30.0,12.0,18.0,Anxiety
549.0,32.0,Male,Instagram,130.0,5.0,80.0,28.0,31.0,Neutral
550.0,28.0,Female,LinkedIn,55.0,1.0,12.0,6.0,10.0,Boredom
551.0,27.0,Male,Instagram,165.0,6.0,85.0,30.0,28.0,Happiness
552.0,24.0,Female,Twitter,75.0,3.0,33.0,18.0,19.0,Anger
553.0,29.0,Non-binary,Facebook,85.0,2.0,27.0,9.0,20.0,Neutral
554.0,33.0,Female,Instagram,145.0,4.0,65.0,23.0,35.0,Sadness
555.0,31.0,Male,LinkedIn,60.0,1.0,15.0,7.0,17.0,Anxiety
556.0,22.0,Female,Whatsapp,70.0,2.0,42.0,10.0,21.0,Anxiety
557.0,25.0,Male,Telegram,90.0,3.0,22.0,11.0,22.0,Boredom
558.0,29.0,Non-binary,Snapchat,50.0,2.0,18.0,7.0,18.0,Sadness
559.0,28.0,Female,Twitter,95.0,4.0,48.0,22.0,25.0,Happiness
560.0,27.0,Male,Facebook,60.0,1.0,12.0,5.0,15.0,Boredom
561.0,30.0,Female,Instagram,175.0,6.0,72.0,30.0,33.0,Happiness
562.0,23.0,Male,Whatsapp,70.0,3.0,22.0,10.0,18.0,Anger
563.0,34.0,Non-binary,Telegram,80.0,2.0,21.0,8.0,20.0,Neutral
564.0,26.0,Female,Snapchat,120.0,4.0,55.0,18.0,30.0,Anxiety
565.0,25.0,Male,Twitter,90.0,6.0,42.0,14.0,26.0,Sadness
566.0,29.0,Non-binary,Facebook,60.0,1.0,12.0,4.0,12.0,Boredom
567.0,28.0,Male,Instagram,165.0,5.0,78.0,23.0,35.0,Happiness
568.0,31.0,Female,Whatsapp,65.0,2.0,27.0,10.0,20.0,Neutral
569.0,27.0,Male,Telegram,105.0,3.0,48.0,20.0,28.0,Anxiety
570.0,22.0,Non-binary,Snapchat,75.0,2.0,21.0,8.0,20.0,Sadness
571.0,24.0,Female,Instagram,140.0,4.0,65.0,22.0,30.0,Happiness
572.0,35.0,Male,Twitter,70.0,1.0,13.0,8.0,10.0,Boredom
573.0,21.0,Non-binary,Facebook,55.0,3.0,17.0,7.0,12.0,Neutral
574.0,29.0,Female,Whatsapp,90.0,2.0,24.0,12.0,22.0,Anger
575.0,25.0,Male,Telegram,80.0,4.0,30.0,13.0,25.0,Neutral
576.0,28.0,Non-binary,Snapchat,115.0,3.0,38.0,18.0,27.0,Anxiety
577.0,32.0,Female,Instagram,155.0,6.0,75.0,25.0,38.0,Happiness
578.0,26.0,Male,Twitter,75.0,2.0,23.0,12.0,18.0,Sadness
579.0,33.0,Non-binary,Facebook,65.0,1.0,13.0,7.0,14.0,Anxiety
580.0,27.0,Female,Whatsapp,90.0,4.0,37.0,18.0,20.0,Neutral
581.0,31.0,Male,Telegram,50.0,2.0,20.0,10.0,12.0,Sadness
582.0,24.0,Non-binary,Snapchat,85.0,3.0,33.0,20.0,18.0,Happiness
583.0,34.0,Female,Instagram,120.0,5.0,60.0,25.0,25.0,Anger
584.0,22.0,Male,Twitter,70.0,1.0,22.0,7.0,22.0,Neutral
585.0,29.0,Non-binary,Facebook,75.0,2.0,20.0,8.0,20.0,Boredom
586.0,28.0,Female,Whatsapp,100.0,4.0,37.0,14.0,26.0,Anxiety
587.0,31.0,Male,Telegram,85.0,3.0,45.0,20.0,28.0,Sadness
588.0,21.0,Non-binary,Snapchat,60.0,1.0,18.0,7.0,12.0,Neutral
589.0,25.0,Female,Instagram,170.0,6.0,83.0,30.0,33.0,Happiness
590.0,30.0,Male,Twitter,70.0,2.0,30.0,12.0,20.0,Anxiety
591.0,27.0,Non-binary,Facebook,50.0,1.0,10.0,4.0,10.0,Boredom
592.0,32.0,Female,Whatsapp,105.0,4.0,55.0,25.0,25.0,Anger
593.0,24.0,Male,Telegram,75.0,3.0,37.0,16.0,22.0,Neutral
594.0,29.0,Female,Snapchat,95.0,2.0,23.0,10.0,28.0,Sadness
595.0,26.0,Male,Instagram,150.0,5.0,70.0,25.0,30.0,Anxiety
596.0,33.0,Non-binary,Twitter,85.0,4.0,35.0,18.0,18.0,Boredom
597.0,22.0,Female,Facebook,70.0,1.0,14.0,6.0,10.0,Neutral
598.0,35.0,Male,Whatsapp,110.0,3.0,50.0,25.0,25.0,Happiness
599.0,28.0,Non-binary,Telegram,60.0,2.0,18.0,8.0,18.0,Anger
600.0,27.0,Female,Snapchat,120.0,4.0,40.0,18.0,22.0,Neutral
601.0,25.0,Female,Instagram,120.0,5.0,50.0,20.0,25.0,Happiness
602.0,30.0,Male,Twitter,90.0,4.0,30.0,20.0,22.0,Anger
603.0,22.0,Non-binary,Facebook,60.0,2.0,20.0,10.0,15.0,Neutral
604.0,28.0,Female,Instagram,200.0,8.0,110.0,40.0,45.0,Anxiety
605.0,33.0,Male,LinkedIn,45.0,1.0,10.0,5.0,12.0,Boredom
606.0,21.0,Male,Instagram,150.0,5.0,65.0,25.0,30.0,Happiness
607.0,27.0,Female,Twitter,85.0,3.0,40.0,18.0,20.0,Anger
608.0,24.0,Non-binary,Facebook,110.0,6.0,35.0,16.0,25.0,Sadness
609.0,29.0,Female,LinkedIn,55.0,2.0,15.0,5.0,10.0,Neutral
610.0,31.0,Male,Instagram,170.0,7.0,90.0,35.0,40.0,Happiness
611.0,23.0,Female,Twitter,75.0,4.0,45.0,20.0,25.0,Anxiety
612.0,26.0,Non-binary,Facebook,95.0,3.0,30.0,14.0,18.0,Sadness
613.0,34.0,Male,LinkedIn,65.0,1.0,14.0,6.0,15.0,Boredom
614.0,22.0,Female,Instagram,180.0,8.0,100.0,38.0,45.0,Happiness
615.0,28.0,Male,Twitter,100.0,6.0,50.0,30.0,29.0,Anger
616.0,21.0,Non-binary,Facebook,40.0,1.0,10.0,4.0,12.0,Neutral
617.0,35.0,Female,Instagram,125.0,5.0,65.0,22.0,28.0,Anxiety
618.0,27.0,Male,Twitter,90.0,3.0,40.0,16.0,24.0,Sadness
619.0,23.0,Non-binary,LinkedIn,50.0,1.0,12.0,6.0,12.0,Neutral
620.0,32.0,Female,Instagram,140.0,6.0,75.0,28.0,30.0,Happiness
621.0,26.0,Male,Facebook,75.0,2.0,30.0,14.0,20.0,Anxiety
622.0,24.0,Female,Twitter,105.0,4.0,35.0,20.0,23.0,Anger
623.0,29.0,Male,LinkedIn,60.0,2.0,17.0,8.0,15.0,Boredom
624.0,33.0,Non-binary,Instagram,190.0,8.0,105.0,36.0,50.0,Happiness
625.0,22.0,Female,Twitter,70.0,3.0,25.0,16.0,15.0,Sadness
626.0,31.0,Male,Facebook,80.0,2.0,20.0,10.0,20.0,Neutral
627.0,27.0,Non-binary,LinkedIn,55.0,1.0,12.0,5.0,11.0,Anxiety
628.0,25.0,Female,Instagram,160.0,6.0,85.0,26.0,30.0,Happiness
629.0,30.0,Male,Twitter,90.0,4.0,43.0,19.0,24.0,Anger
630.0,26.0,Non-binary,Facebook,45.0,1.0,8.0,4.0,12.0,Sadness
631.0,34.0,Female,LinkedIn,65.0,2.0,17.0,5.0,14.0,Boredom
632.0,28.0,Male,Instagram,145.0,7.0,80.0,30.0,35.0,Happiness
633.0,23.0,Non-binary,Twitter,70.0,3.0,30.0,14.0,18.0,Neutral
634.0,21.0,Female,Instagram,130.0,6.0,95.0,22.0,28.0,Sadness
635.0,29.0,Male,Facebook,65.0,2.0,27.0,11.0,22.0,Anxiety
636.0,24.0,Non-binary,LinkedIn,55.0,1.0,11.0,6.0,11.0,Boredom
637.0,33.0,Female,Instagram,170.0,7.0,95.0,30.0,38.0,Happiness
638.0,27.0,Male,Twitter,85.0,4.0,45.0,18.0,24.0,Anger
639.0,22.0,Female,Instagram,115.0,3.0,60.0,17.0,30.0,Neutral
640.0,28.0,Non-binary,Facebook,100.0,2.0,22.0,12.0,25.0,Anxiety
641.0,31.0,Male,LinkedIn,45.0,1.0,9.0,4.0,10.0,Sadness
642.0,25.0,Female,Instagram,150.0,6.0,90.0,26.0,30.0,Happiness
643.0,29.0,Male,Twitter,95.0,4.0,50.0,22.0,22.0,Anger
644.0,23.0,Non-binary,Facebook,105.0,2.0,25.0,12.0,18.0,Neutral
645.0,35.0,Female,LinkedIn,60.0,1.0,15.0,7.0,14.0,Boredom
646.0,30.0,Male,Instagram,175.0,7.0,100.0,33.0,38.0,Happiness
647.0,21.0,Female,Twitter,90.0,3.0,37.0,14.0,20.0,Sadness
648.0,26.0,Non-binary,Facebook,75.0,2.0,30.0,12.0,18.0,Anxiety
649.0,32.0,Male,Instagram,130.0,5.0,80.0,28.0,31.0,Neutral
650.0,28.0,Female,LinkedIn,55.0,1.0,12.0,6.0,10.0,Boredom
651.0,27.0,Male,Instagram,165.0,6.0,85.0,30.0,28.0,Happiness
652.0,24.0,Female,Twitter,75.0,3.0,33.0,18.0,19.0,Anger
653.0,29.0,Non-binary,Facebook,85.0,2.0,27.0,9.0,20.0,Neutral
654.0,33.0,Female,Instagram,145.0,4.0,65.0,23.0,35.0,Sadness
655.0,31.0,Male,LinkedIn,60.0,1.0,15.0,7.0,17.0,Anxiety
656.0,22.0,Female,Whatsapp,70.0,2.0,42.0,10.0,21.0,Anxiety
657.0,25.0,Male,Telegram,90.0,3.0,22.0,11.0,22.0,Boredom
658.0,29.0,Non-binary,Snapchat,50.0,2.0,18.0,7.0,18.0,Sadness
659.0,28.0,Female,Twitter,95.0,4.0,48.0,22.0,25.0,Happiness
660.0,27.0,Male,Facebook,60.0,1.0,12.0,5.0,15.0,Boredom
661.0,30.0,Female,Instagram,175.0,6.0,72.0,30.0,33.0,Happiness
662.0,23.0,Male,Whatsapp,70.0,3.0,22.0,10.0,18.0,Anger
663.0,34.0,Non-binary,Telegram,80.0,2.0,21.0,8.0,20.0,Neutral
664.0,26.0,Female,Snapchat,120.0,4.0,55.0,18.0,30.0,Anxiety
665.0,25.0,Male,Twitter,90.0,6.0,42.0,14.0,26.0,Sadness
666.0,29.0,Non-binary,Facebook,60.0,1.0,12.0,4.0,12.0,Boredom
667.0,28.0,Male,Instagram,165.0,5.0,78.0,23.0,35.0,Happiness
668.0,31.0,Female,Whatsapp,65.0,2.0,27.0,10.0,20.0,Neutral
669.0,27.0,Male,Telegram,105.0,3.0,48.0,20.0,28.0,Anxiety
670.0,22.0,Non-binary,Snapchat,75.0,2.0,21.0,8.0,20.0,Sadness
671.0,24.0,Female,Instagram,140.0,4.0,65.0,22.0,30.0,Happiness
672.0,35.0,Male,Twitter,70.0,1.0,13.0,8.0,10.0,Boredom
673.0,21.0,Non-binary,Facebook,55.0,3.0,17.0,7.0,12.0,Neutral
674.0,29.0,Female,Whatsapp,90.0,2.0,24.0,12.0,22.0,Anger
675.0,25.0,Male,Telegram,80.0,4.0,30.0,13.0,25.0,Neutral
676.0,28.0,Non-binary,Snapchat,115.0,3.0,38.0,18.0,27.0,Anxiety
677.0,32.0,Female,Instagram,155.0,6.0,75.0,25.0,38.0,Happiness
678.0,26.0,Male,Twitter,75.0,2.0,23.0,12.0,18.0,Sadness
679.0,33.0,Non-binary,Facebook,65.0,1.0,13.0,7.0,14.0,Anxiety
680.0,27.0,Female,Whatsapp,90.0,4.0,37.0,18.0,20.0,Neutral
681.0,31.0,Male,Telegram,50.0,2.0,20.0,10.0,12.0,Sadness
682.0,24.0,Non-binary,Snapchat,85.0,3.0,33.0,20.0,18.0,Happiness
683.0,34.0,Female,Instagram,120.0,5.0,60.0,25.0,25.0,Anger
684.0,22.0,Male,Twitter,70.0,1.0,22.0,7.0,22.0,Neutral
685.0,29.0,Non-binary,Facebook,75.0,2.0,20.0,8.0,20.0,Boredom
686.0,28.0,Female,Whatsapp,100.0,4.0,37.0,14.0,26.0,Anxiety
687.0,31.0,Male,Telegram,85.0,3.0,45.0,20.0,28.0,Sadness
688.0,21.0,Non-binary,Snapchat,60.0,1.0,18.0,7.0,12.0,Neutral
689.0,25.0,Female,Instagram,170.0,6.0,83.0,30.0,33.0,Happiness
690.0,30.0,Male,Twitter,70.0,2.0,30.0,12.0,20.0,Anxiety
691.0,27.0,Non-binary,Facebook,50.0,1.0,10.0,4.0,10.0,Boredom
692.0,32.0,Female,Whatsapp,105.0,4.0,55.0,25.0,25.0,Anger
693.0,24.0,Male,Telegram,75.0,3.0,37.0,16.0,22.0,Neutral
694.0,29.0,Female,Snapchat,95.0,2.0,23.0,10.0,28.0,Sadness
695.0,26.0,Male,Instagram,150.0,5.0,70.0,25.0,30.0,Anxiety
696.0,33.0,Non-binary,Twitter,85.0,4.0,35.0,18.0,18.0,Boredom
697.0,22.0,Female,Facebook,70.0,1.0,14.0,6.0,10.0,Neutral
698.0,35.0,Male,Whatsapp,110.0,3.0,50.0,25.0,25.0,Happiness
699.0,28.0,Non-binary,Telegram,60.0,2.0,18.0,8.0,18.0,Anger
700.0,27.0,Female,Snapchat,120.0,4.0,40.0,18.0,22.0,Neutral
701.0,25.0,Female,Instagram,120.0,5.0,50.0,20.0,25.0,Happiness
702.0,30.0,Male,Twitter,90.0,4.0,30.0,20.0,22.0,Anger
703.0,22.0,Non-binary,Facebook,60.0,2.0,20.0,10.0,15.0,Neutral
704.0,28.0,Female,Instagram,200.0,8.0,110.0,40.0,45.0,Anxiety
705.0,33.0,Male,LinkedIn,45.0,1.0,10.0,5.0,12.0,Boredom
706.0,21.0,Male,Instagram,150.0,5.0,65.0,25.0,30.0,Happiness
707.0,27.0,Female,Twitter,85.0,3.0,40.0,18.0,20.0,Anger
708.0,24.0,Non-binary,Facebook,110.0,6.0,35.0,16.0,25.0,Sadness
709.0,29.0,Female,LinkedIn,55.0,2.0,15.0,5.0,10.0,Neutral
710.0,31.0,Male,Instagram,170.0,7.0,90.0,35.0,40.0,Happiness
711.0,23.0,Female,Twitter,75.0,4.0,45.0,20.0,25.0,Anxiety
712.0,26.0,Non-binary,Facebook,95.0,3.0,30.0,14.0,18.0,Sadness
713.0,34.0,Male,LinkedIn,65.0,1.0,14.0,6.0,15.0,Boredom
714.0,22.0,Female,Instagram,180.0,8.0,100.0,38.0,45.0,Happiness
715.0,28.0,Male,Twitter,100.0,6.0,50.0,30.0,29.0,Anger
716.0,21.0,Non-binary,Facebook,40.0,1.0,10.0,4.0,12.0,Neutral
717.0,35.0,Female,Instagram,125.0,5.0,65.0,22.0,28.0,Anxiety
718.0,27.0,Male,Twitter,90.0,3.0,40.0,16.0,24.0,Sadness
719.0,23.0,Non-binary,LinkedIn,50.0,1.0,12.0,6.0,12.0,Neutral
720.0,32.0,Female,Instagram,140.0,6.0,75.0,28.0,30.0,Happiness
721.0,26.0,Male,Facebook,75.0,2.0,30.0,14.0,20.0,Anxiety
722.0,24.0,Female,Twitter,105.0,4.0,35.0,20.0,23.0,Anger
723.0,29.0,Male,LinkedIn,60.0,2.0,17.0,8.0,15.0,Boredom
724.0,33.0,Non-binary,Instagram,190.0,8.0,105.0,36.0,50.0,Happiness
725.0,22.0,Female,Twitter,70.0,3.0,25.0,16.0,15.0,Sadness
726.0,31.0,Male,Facebook,80.0,2.0,20.0,10.0,20.0,Neutral
727.0,27.0,Non-binary,LinkedIn,55.0,1.0,12.0,5.0,11.0,Anxiety
728.0,25.0,Female,Instagram,160.0,6.0,85.0,26.0,30.0,Happiness
729.0,30.0,Male,Twitter,90.0,4.0,43.0,19.0,24.0,Anger
730.0,26.0,Non-binary,Facebook,45.0,1.0,8.0,4.0,12.0,Sadness
731.0,34.0,Female,LinkedIn,65.0,2.0,17.0,5.0,14.0,Boredom
732.0,28.0,Male,Instagram,145.0,7.0,80.0,30.0,35.0,Happiness
733.0,23.0,Non-binary,Twitter,70.0,3.0,30.0,14.0,18.0,Neutral
734.0,21.0,Female,Instagram,130.0,6.0,95.0,22.0,28.0,Sadness
735.0,29.0,Male,Facebook,65.0,2.0,27.0,11.0,22.0,Anxiety
736.0,24.0,Non-binary,LinkedIn,55.0,1.0,11.0,6.0,11.0,Boredom
737.0,33.0,Female,Instagram,170.0,7.0,95.0,30.0,38.0,Happiness
738.0,27.0,Male,Twitter,85.0,4.0,45.0,18.0,24.0,Anger
739.0,22.0,Female,Instagram,115.0,3.0,60.0,17.0,30.0,Neutral
740.0,28.0,Non-binary,Facebook,100.0,2.0,22.0,12.0,25.0,Anxiety
741.0,31.0,Male,LinkedIn,45.0,1.0,9.0,4.0,10.0,Sadness
742.0,25.0,Female,Instagram,150.0,6.0,90.0,26.0,30.0,Happiness
743.0,29.0,Male,Twitter,95.0,4.0,50.0,22.0,22.0,Anger
744.0,23.0,Non-binary,Facebook,105.0,2.0,25.0,12.0,18.0,Neutral
745.0,35.0,Female,LinkedIn,60.0,1.0,15.0,7.0,14.0,Boredom
746.0,30.0,Male,Instagram,175.0,7.0,100.0,33.0,38.0,Happiness
747.0,21.0,Female,Twitter,90.0,3.0,37.0,14.0,20.0,Sadness
748.0,26.0,Non-binary,Facebook,75.0,2.0,30.0,12.0,18.0,Anxiety
749.0,32.0,Male,Instagram,130.0,5.0,80.0,28.0,31.0,Neutral
750.0,28.0,Female,LinkedIn,55.0,1.0,12.0,6.0,10.0,Boredom
789.0,25.0,Female,Instagram,170.0,6.0,83.0,30.0,33.0,Happiness
790.0,30.0,Male,Twitter,70.0,2.0,30.0,12.0,20.0,Anxiety
791.0,27.0,Non-binary,Facebook,50.0,1.0,10.0,4.0,10.0,Boredom
792.0,32.0,Female,Whatsapp,105.0,4.0,55.0,25.0,25.0,Anger
793.0,24.0,Male,Telegram,75.0,3.0,37.0,16.0,22.0,Neutral
794.0,29.0,Female,Snapchat,95.0,2.0,23.0,10.0,28.0,Sadness
795.0,26.0,Male,Instagram,150.0,5.0,70.0,25.0,30.0,Anxiety
796.0,33.0,Non-binary,Twitter,85.0,4.0,35.0,18.0,18.0,Boredom
797.0,22.0,Female,Facebook,70.0,1.0,14.0,6.0,10.0,Neutral
798.0,35.0,Male,Whatsapp,110.0,3.0,50.0,25.0,25.0,Happiness
799.0,28.0,Non-binary,Telegram,60.0,2.0,18.0,8.0,18.0,Anger
800.0,27.0,Female,Snapchat,120.0,4.0,40.0,18.0,22.0,Neutral
801.0,25.0,Female,Instagram,120.0,5.0,50.0,20.0,25.0,Happiness
802.0,30.0,Male,Twitter,90.0,4.0,30.0,20.0,22.0,Anger
803.0,22.0,Non-binary,Facebook,60.0,2.0,20.0,10.0,15.0,Neutral
804.0,28.0,Female,Instagram,200.0,8.0,110.0,40.0,45.0,Anxiety
805.0,33.0,Male,LinkedIn,45.0,1.0,10.0,5.0,12.0,Boredom
806.0,21.0,Male,Instagram,150.0,5.0,65.0,25.0,30.0,Happiness
807.0,27.0,Female,Twitter,85.0,3.0,40.0,18.0,20.0,Anger
808.0,24.0,Non-binary,Facebook,110.0,6.0,35.0,16.0,25.0,Sadness
809.0,29.0,Female,LinkedIn,55.0,2.0,15.0,5.0,10.0,Neutral
810.0,31.0,Male,Instagram,170.0,7.0,90.0,35.0,40.0,Happiness
811.0,23.0,Female,Twitter,75.0,4.0,45.0,20.0,25.0,Anxiety
812.0,26.0,Non-binary,Facebook,95.0,3.0,30.0,14.0,18.0,Sadness
813.0,34.0,Male,LinkedIn,65.0,1.0,14.0,6.0,15.0,Boredom
814.0,22.0,Female,Instagram,180.0,8.0,100.0,38.0,45.0,Happiness
815.0,28.0,Male,Twitter,100.0,6.0,50.0,30.0,29.0,Anger
816.0,21.0,Non-binary,Facebook,40.0,1.0,10.0,4.0,12.0,Neutral
817.0,35.0,Female,Instagram,125.0,5.0,65.0,22.0,28.0,Anxiety
818.0,27.0,Male,Twitter,90.0,3.0,40.0,16.0,24.0,Sadness
819.0,23.0,Non-binary,LinkedIn,50.0,1.0,12.0,6.0,12.0,Neutral
820.0,32.0,Female,Instagram,140.0,6.0,75.0,28.0,30.0,Happiness
821.0,26.0,Male,Facebook,75.0,2.0,30.0,14.0,20.0,Anxiety
822.0,24.0,Female,Twitter,105.0,4.0,35.0,20.0,23.0,Anger
823.0,29.0,Male,LinkedIn,60.0,2.0,17.0,8.0,15.0,Boredom
824.0,33.0,Non-binary,Instagram,190.0,8.0,105.0,36.0,50.0,Happiness
825.0,22.0,Female,Twitter,70.0,3.0,25.0,16.0,15.0,Sadness
826.0,31.0,Male,Facebook,80.0,2.0,20.0,10.0,20.0,Neutral
827.0,27.0,Non-binary,LinkedIn,55.0,1.0,12.0,5.0,11.0,Anxiety
828.0,25.0,Female,Instagram,160.0,6.0,85.0,26.0,30.0,Happiness
829.0,30.0,Male,Twitter,90.0,4.0,43.0,19.0,24.0,Anger
830.0,26.0,Non-binary,Facebook,45.0,1.0,8.0,4.0,12.0,Sadness
831.0,34.0,Female,LinkedIn,65.0,2.0,17.0,5.0,14.0,Boredom
832.0,28.0,Male,Instagram,145.0,7.0,80.0,30.0,35.0,Happiness
833.0,23.0,Non-binary,Twitter,70.0,3.0,30.0,14.0,18.0,Neutral
834.0,21.0,Female,Instagram,130.0,6.0,95.0,22.0,28.0,Sadness
835.0,29.0,Male,Facebook,65.0,2.0,27.0,11.0,22.0,Anxiety
836.0,24.0,Non-binary,LinkedIn,55.0,1.0,11.0,6.0,11.0,Boredom
837.0,33.0,Female,Instagram,170.0,7.0,95.0,30.0,38.0,Happiness
838.0,27.0,Male,Twitter,85.0,4.0,45.0,18.0,24.0,Anger
839.0,22.0,Female,Instagram,115.0,3.0,60.0,17.0,30.0,Neutral
840.0,28.0,Non-binary,Facebook,100.0,2.0,22.0,12.0,25.0,Anxiety
841.0,31.0,Male,LinkedIn,45.0,1.0,9.0,4.0,10.0,Sadness
842.0,25.0,Female,Instagram,150.0,6.0,90.0,26.0,30.0,Happiness
843.0,29.0,Male,Twitter,95.0,4.0,50.0,22.0,22.0,Anger
844.0,23.0,Non-binary,Facebook,105.0,2.0,25.0,12.0,18.0,Neutral
845.0,35.0,Female,LinkedIn,60.0,1.0,15.0,7.0,14.0,Boredom
846.0,30.0,Male,Instagram,175.0,7.0,100.0,33.0,38.0,Happiness
847.0,21.0,Female,Twitter,90.0,3.0,37.0,14.0,20.0,Sadness
848.0,26.0,Non-binary,Facebook,75.0,2.0,30.0,12.0,18.0,Anxiety
849.0,32.0,Male,Instagram,130.0,5.0,80.0,28.0,31.0,Neutral
850.0,28.0,Female,LinkedIn,55.0,1.0,12.0,6.0,10.0,Boredom
851.0,27.0,Male,Instagram,165.0,6.0,85.0,30.0,28.0,Happiness
852.0,24.0,Female,Twitter,75.0,3.0,33.0,18.0,19.0,Anger
853.0,29.0,Non-binary,Facebook,85.0,2.0,27.0,9.0,20.0,Neutral
854.0,33.0,Female,Instagram,145.0,4.0,65.0,23.0,35.0,Sadness
855.0,31.0,Male,LinkedIn,60.0,1.0,15.0,7.0,17.0,Anxiety
856.0,22.0,Female,Whatsapp,70.0,2.0,42.0,10.0,21.0,Anxiety
857.0,25.0,Male,Telegram,90.0,3.0,22.0,11.0,22.0,Boredom
858.0,29.0,Non-binary,Snapchat,50.0,2.0,18.0,7.0,18.0,Sadness
859.0,28.0,Female,Twitter,95.0,4.0,48.0,22.0,25.0,Happiness
860.0,27.0,Male,Facebook,60.0,1.0,12.0,5.0,15.0,Boredom
861.0,30.0,Female,Instagram,175.0,6.0,72.0,30.0,33.0,Happiness
862.0,23.0,Male,Whatsapp,70.0,3.0,22.0,10.0,18.0,Anger
863.0,34.0,Non-binary,Telegram,80.0,2.0,21.0,8.0,20.0,Neutral
864.0,26.0,Female,Snapchat,120.0,4.0,55.0,18.0,30.0,Anxiety
865.0,25.0,Male,Twitter,90.0,6.0,42.0,14.0,26.0,Sadness
866.0,29.0,Non-binary,Facebook,60.0,1.0,12.0,4.0,12.0,Boredom
867.0,28.0,Male,Instagram,165.0,5.0,78.0,23.0,35.0,Happiness
868.0,31.0,Female,Whatsapp,65.0,2.0,27.0,10.0,20.0,Neutral
869.0,27.0,Male,Telegram,105.0,3.0,48.0,20.0,28.0,Anxiety
870.0,22.0,Non-binary,Snapchat,75.0,2.0,21.0,8.0,20.0,Sadness
871.0,24.0,Female,Instagram,140.0,4.0,65.0,22.0,30.0,Happiness
872.0,35.0,Male,Twitter,70.0,1.0,13.0,8.0,10.0,Boredom
873.0,21.0,Non-binary,Facebook,55.0,3.0,17.0,7.0,12.0,Neutral
874.0,29.0,Female,Whatsapp,90.0,2.0,24.0,12.0,22.0,Anger
875.0,25.0,Male,Telegram,80.0,4.0,30.0,13.0,25.0,Neutral
876.0,28.0,Non-binary,Snapchat,115.0,3.0,38.0,18.0,27.0,Anxiety
877.0,32.0,Female,Instagram,155.0,6.0,75.0,25.0,38.0,Happiness
878.0,26.0,Male,Twitter,75.0,2.0,23.0,12.0,18.0,Sadness
879.0,33.0,Non-binary,Facebook,65.0,1.0,13.0,7.0,14.0,Anxiety
880.0,27.0,Female,Whatsapp,90.0,4.0,37.0,18.0,20.0,Neutral
881.0,31.0,Male,Telegram,50.0,2.0,20.0,10.0,12.0,Sadness
882.0,24.0,Non-binary,Snapchat,85.0,3.0,33.0,20.0,18.0,Happiness
883.0,34.0,Female,Instagram,120.0,5.0,60.0,25.0,25.0,Anger
884.0,22.0,Male,Twitter,70.0,1.0,22.0,7.0,22.0,Neutral
885.0,29.0,Non-binary,Facebook,75.0,2.0,20.0,8.0,20.0,Boredom
886.0,28.0,Female,Whatsapp,100.0,4.0,37.0,14.0,26.0,Anxiety
887.0,31.0,Male,Telegram,85.0,3.0,45.0,20.0,28.0,Sadness
888.0,21.0,Non-binary,Snapchat,60.0,1.0,18.0,7.0,12.0,Neutral
889.0,25.0,Female,Instagram,170.0,6.0,83.0,30.0,33.0,Happiness
890.0,30.0,Male,Twitter,70.0,2.0,30.0,12.0,20.0,Anxiety
891.0,27.0,Non-binary,Facebook,50.0,1.0,10.0,4.0,10.0,Boredom
892.0,32.0,Female,Whatsapp,105.0,4.0,55.0,25.0,25.0,Anger
893.0,24.0,Male,Telegram,75.0,3.0,37.0,16.0,22.0,Neutral
894.0,29.0,Female,Snapchat,95.0,2.0,23.0,10.0,28.0,Sadness
895.0,26.0,Male,Instagram,150.0,5.0,70.0,25.0,30.0,Anxiety
896.0,33.0,Non-binary,Twitter,85.0,4.0,35.0,18.0,18.0,Boredom
897.0,22.0,Female,Facebook,70.0,1.0,14.0,6.0,10.0,Neutral
898.0,35.0,Male,Whatsapp,110.0,3.0,50.0,25.0,25.0,Happiness
899.0,28.0,Non-binary,Telegram,60.0,2.0,18.0,8.0,18.0,Anger
900.0,27.0,Female,Snapchat,120.0,4.0,40.0,18.0,22.0,Neutral
901.0,25.0,Female,Instagram,120.0,5.0,50.0,20.0,25.0,Happiness
902.0,30.0,Male,Twitter,90.0,4.0,30.0,20.0,22.0,Anger
903.0,22.0,Non-binary,Facebook,60.0,2.0,20.0,10.0,15.0,Neutral
904.0,28.0,Female,Instagram,200.0,8.0,110.0,40.0,45.0,Anxiety
905.0,33.0,Male,LinkedIn,45.0,1.0,10.0,5.0,12.0,Boredom
906.0,21.0,Male,Instagram,150.0,5.0,65.0,25.0,30.0,Happiness
907.0,27.0,Female,Twitter,85.0,3.0,40.0,18.0,20.0,Anger
908.0,24.0,Non-binary,Facebook,110.0,6.0,35.0,16.0,25.0,Sadness
909.0,29.0,Female,LinkedIn,55.0,2.0,15.0,5.0,10.0,Neutral
910.0,31.0,Male,Instagram,170.0,7.0,90.0,35.0,40.0,Happiness
911.0,23.0,Female,Twitter,75.0,4.0,45.0,20.0,25.0,Anxiety
912.0,26.0,Non-binary,Facebook,95.0,3.0,30.0,14.0,18.0,Sadness
913.0,34.0,Male,LinkedIn,65.0,1.0,14.0,6.0,15.0,Boredom
914.0,22.0,Female,Instagram,180.0,8.0,100.0,38.0,45.0,Happiness
915.0,28.0,Male,Twitter,100.0,6.0,50.0,30.0,29.0,Anger
916.0,21.0,Non-binary,Facebook,40.0,1.0,10.0,4.0,12.0,Neutral
917.0,35.0,Female,Instagram,125.0,5.0,65.0,22.0,28.0,Anxiety
918.0,27.0,Male,Twitter,90.0,3.0,40.0,16.0,24.0,Sadness
919.0,23.0,Non-binary,LinkedIn,50.0,1.0,12.0,6.0,12.0,Neutral
920.0,32.0,Female,Instagram,140.0,6.0,75.0,28.0,30.0,Happiness
921.0,26.0,Male,Facebook,75.0,2.0,30.0,14.0,20.0,Anxiety
922.0,24.0,Female,Twitter,105.0,4.0,35.0,20.0,23.0,Anger
923.0,29.0,Male,LinkedIn,60.0,2.0,17.0,8.0,15.0,Boredom
924.0,33.0,Non-binary,Instagram,190.0,8.0,105.0,36.0,50.0,Happiness
925.0,22.0,Female,Twitter,70.0,3.0,25.0,16.0,15.0,Sadness
926.0,31.0,Male,Facebook,80.0,2.0,20.0,10.0,20.0,Neutral
927.0,27.0,Non-binary,LinkedIn,55.0,1.0,12.0,5.0,11.0,Anxiety
928.0,25.0,Female,Instagram,160.0,6.0,85.0,26.0,30.0,Happiness
929.0,30.0,Male,Twitter,90.0,4.0,43.0,19.0,24.0,Anger
930.0,26.0,Non-binary,Facebook,45.0,1.0,8.0,4.0,12.0,Sadness
931.0,34.0,Female,LinkedIn,65.0,2.0,17.0,5.0,14.0,Boredom
932.0,28.0,Male,Instagram,145.0,7.0,80.0,30.0,35.0,Happiness
933.0,23.0,Non-binary,Twitter,70.0,3.0,30.0,14.0,18.0,Neutral
934.0,21.0,Female,Instagram,130.0,6.0,95.0,22.0,28.0,Sadness
935.0,29.0,Male,Facebook,65.0,2.0,27.0,11.0,22.0,Anxiety
936.0,24.0,Non-binary,LinkedIn,55.0,1.0,11.0,6.0,11.0,Boredom
937.0,33.0,Female,Instagram,170.0,7.0,95.0,30.0,38.0,Happiness
938.0,27.0,Male,Twitter,85.0,4.0,45.0,18.0,24.0,Anger
939.0,22.0,Female,Instagram,115.0,3.0,60.0,17.0,30.0,Neutral
940.0,28.0,Non-binary,Facebook,100.0,2.0,22.0,12.0,25.0,Anxiety
941.0,31.0,Male,LinkedIn,45.0,1.0,9.0,4.0,10.0,Sadness
942.0,25.0,Female,Instagram,150.0,6.0,90.0,26.0,30.0,Happiness
943.0,29.0,Male,Twitter,95.0,4.0,50.0,22.0,22.0,Anger
944.0,23.0,Non-binary,Facebook,105.0,2.0,25.0,12.0,18.0,Neutral
945.0,35.0,Female,LinkedIn,60.0,1.0,15.0,7.0,14.0,Boredom
946.0,30.0,Male,Instagram,175.0,7.0,100.0,33.0,38.0,Happiness
947.0,21.0,Female,Twitter,90.0,3.0,37.0,14.0,20.0,Sadness
948.0,26.0,Non-binary,Facebook,75.0,2.0,30.0,12.0,18.0,Anxiety
949.0,32.0,Male,Instagram,130.0,5.0,80.0,28.0,31.0,Neutral
950.0,28.0,Female,LinkedIn,55.0,1.0,12.0,6.0,10.0,Boredom
951.0,27.0,Male,Instagram,165.0,6.0,85.0,30.0,28.0,Happiness
952.0,24.0,Female,Twitter,75.0,3.0,33.0,18.0,19.0,Anger
953.0,29.0,Non-binary,Facebook,85.0,2.0,27.0,9.0,20.0,Neutral
954.0,33.0,Female,Instagram,145.0,4.0,65.0,23.0,35.0,Sadness
955.0,31.0,Male,LinkedIn,60.0,1.0,15.0,7.0,17.0,Anxiety
956.0,22.0,Female,Whatsapp,70.0,2.0,42.0,10.0,21.0,Anxiety
957.0,25.0,Male,Telegram,90.0,3.0,22.0,11.0,22.0,Boredom
958.0,29.0,Non-binary,Snapchat,50.0,2.0,18.0,7.0,18.0,Sadness
959.0,28.0,Female,Twitter,95.0,4.0,48.0,22.0,25.0,Happiness
960.0,27.0,Male,Facebook,60.0,1.0,12.0,5.0,15.0,Boredom
961.0,30.0,Female,Instagram,175.0,6.0,72.0,30.0,33.0,Happiness
962.0,23.0,Male,Whatsapp,70.0,3.0,22.0,10.0,18.0,Anger
963.0,34.0,Non-binary,Telegram,80.0,2.0,21.0,8.0,20.0,Neutral
964.0,26.0,Female,Snapchat,120.0,4.0,55.0,18.0,30.0,Anxiety
965.0,25.0,Male,Twitter,90.0,6.0,42.0,14.0,26.0,Sadness
966.0,29.0,Non-binary,Facebook,60.0,1.0,12.0,4.0,12.0,Boredom
967.0,28.0,Male,Instagram,165.0,5.0,78.0,23.0,35.0,Happiness
968.0,31.0,Female,Whatsapp,65.0,2.0,27.0,10.0,20.0,Neutral
969.0,27.0,Male,Telegram,105.0,3.0,48.0,20.0,28.0,Anxiety
970.0,22.0,Non-binary,Snapchat,75.0,2.0,21.0,8.0,20.0,Sadness
971.0,24.0,Female,Instagram,140.0,4.0,65.0,22.0,30.0,Happiness
972.0,35.0,Male,Twitter,70.0,1.0,13.0,8.0,10.0,Boredom
973.0,21.0,Non-binary,Facebook,55.0,3.0,17.0,7.0,12.0,Neutral
974.0,29.0,Female,Whatsapp,90.0,2.0,24.0,12.0,22.0,Anger
975.0,25.0,Male,Telegram,80.0,4.0,30.0,13.0,25.0,Neutral
976.0,28.0,Non-binary,Snapchat,115.0,3.0,38.0,18.0,27.0,Anxiety
977.0,32.0,Female,Instagram,155.0,6.0,75.0,25.0,38.0,Happiness
978.0,26.0,Male,Twitter,75.0,2.0,23.0,12.0,18.0,Sadness
979.0,33.0,Non-binary,Facebook,65.0,1.0,13.0,7.0,14.0,Anxiety
980.0,27.0,Female,Whatsapp,90.0,4.0,37.0,18.0,20.0,Neutral
981.0,31.0,Male,Telegram,50.0,2.0,20.0,10.0,12.0,Sadness
982.0,24.0,Non-binary,Snapchat,85.0,3.0,33.0,20.0,18.0,Happiness
983.0,34.0,Female,Instagram,120.0,5.0,60.0,25.0,25.0,Anger
984.0,22.0,Male,Twitter,70.0,1.0,22.0,7.0,22.0,Neutral
985.0,29.0,Non-binary,Facebook,75.0,2.0,20.0,8.0,20.0,Boredom
986.0,28.0,Female,Whatsapp,100.0,4.0,37.0,14.0,26.0,Anxiety
987.0,31.0,Male,Telegram,85.0,3.0,45.0,20.0,28.0,Sadness
988.0,21.0,Non-binary,Snapchat,60.0,1.0,18.0,7.0,12.0,Neutral
989.0,25.0,Female,Instagram,170.0,6.0,83.0,30.0,33.0,Happiness
990.0,30.0,Male,Twitter,70.0,2.0,30.0,12.0,20.0,Anxiety
991.0,27.0,Non-binary,Facebook,50.0,1.0,10.0,4.0,10.0,Boredom
992.0,32.0,Female,Whatsapp,105.0,4.0,55.0,25.0,25.0,Anger
993.0,24.0,Male,Telegram,75.0,3.0,37.0,16.0,22.0,Neutral
994.0,29.0,Female,Snapchat,95.0,2.0,23.0,10.0,28.0,Sadness
995.0,26.0,Male,Instagram,150.0,5.0,70.0,25.0,30.0,Anxiety
996.0,33.0,Non-binary,Twitter,85.0,4.0,35.0,18.0,18.0,Boredom
997.0,22.0,Female,Facebook,70.0,1.0,14.0,6.0,10.0,Neutral
998.0,35.0,Male,Whatsapp,110.0,3.0,50.0,25.0,25.0,Happiness
999.0,28.0,Non-binary,Telegram,60.0,2.0,18.0,8.0,18.0,Anger
1000.0,27.0,Female,Snapchat,120.0,4.0,40.0,18.0,22.0,Neutral
